{
    "type_weight_matrix": [
        {
            "Latent Semantic": 0,
            "Types": [
                "9",
                "8",
                "7",
                "6",
                "5",
                "4",
                "3",
                "2",
                "11",
                "10",
                "1",
                "0"
            ],
            "Weights": [
                0.01771882299786361,
                0.014819884723955772,
                0.014677211265729071,
                0.017620255998638916,
                0.014923964481744129,
                0.02308311528151831,
                0.014705102440247114,
                0.01821022030565559,
                0.023802373959887102,
                0.015307893036265098,
                0.020836577041014756,
                0.021346942321580967
            ]
        },
        {
            "Latent Semantic": 1,
            "Types": [
                "9",
                "8",
                "7",
                "6",
                "5",
                "4",
                "3",
                "2",
                "11",
                "10",
                "1",
                "0"
            ],
            "Weights": [
                0.017718822997863606,
                0.014819884723955772,
                0.014677211265729071,
                0.017620255998638916,
                0.014923964481744129,
                0.023083115281518306,
                0.01470510244024711,
                0.01821022030565559,
                0.023802373959887102,
                0.015307893036265096,
                0.020836577041014753,
                0.021346942321580964
            ]
        },
        {
            "Latent Semantic": 2,
            "Types": [
                "9",
                "8",
                "7",
                "6",
                "5",
                "4",
                "3",
                "2",
                "11",
                "10",
                "1",
                "0"
            ],
            "Weights": [
                0.017718822997863606,
                0.014819884723955772,
                0.014677211265729071,
                0.017620255998638916,
                0.014923964481744129,
                0.023083115281518306,
                0.014705102440247114,
                0.01821022030565559,
                0.02380237395988711,
                0.015307893036265096,
                0.020836577041014756,
                0.021346942321580967
            ]
        },
        {
            "Latent Semantic": 3,
            "Types": [
                "9",
                "8",
                "7",
                "6",
                "5",
                "4",
                "3",
                "2",
                "11",
                "10",
                "1",
                "0"
            ],
            "Weights": [
                0.8936870620128183,
                0.9110806916562653,
                0.9119367324056256,
                0.8942784640081665,
                0.9104562131095351,
                0.8615013083108901,
                0.9117693853585174,
                0.8907386781660664,
                0.8571857562406775,
                0.9081526417824097,
                0.8749805377539115,
                0.8719183460705141
            ]
        },
        {
            "Latent Semantic": 4,
            "Types": [
                "9",
                "8",
                "7",
                "6",
                "5",
                "4",
                "3",
                "2",
                "11",
                "10",
                "1",
                "0"
            ],
            "Weights": [
                0.017718822997863606,
                0.014819884723955772,
                0.014677211265729071,
                0.017620255998638916,
                0.014923964481744129,
                0.023083115281518306,
                0.01470510244024711,
                0.01821022030565559,
                0.023802373959887102,
                0.015307893036265096,
                0.020836577041014756,
                0.021346942321580964
            ]
        },
        {
            "Latent Semantic": 5,
            "Types": [
                "9",
                "8",
                "7",
                "6",
                "5",
                "4",
                "3",
                "2",
                "11",
                "10",
                "1",
                "0"
            ],
            "Weights": [
                0.017718822997863606,
                0.014819884723955772,
                0.014677211265729071,
                0.017620255998638916,
                0.014923964481744129,
                0.023083115281518306,
                0.01470510244024711,
                0.01821022030565559,
                0.023802373959887102,
                0.015307893036265096,
                0.020836577041014753,
                0.021346942321580964
            ]
        },
        {
            "Latent Semantic": 6,
            "Types": [
                "9",
                "8",
                "7",
                "6",
                "5",
                "4",
                "3",
                "2",
                "11",
                "10",
                "1",
                "0"
            ],
            "Weights": [
                0.017718822997863606,
                0.014819884723955772,
                0.014677211265729071,
                0.017620255998638916,
                0.014923964481744129,
                0.023083115281518306,
                0.01470510244024711,
                0.01821022030565559,
                0.023802373959887102,
                0.015307893036265096,
                0.020836577041014753,
                0.021346942321580967
            ]
        }
    ],