{
    "type_weight_matrix": [
        {
            "Latent Semantic": 0,
            "Types": [
                "9",
                "8",
                "7",
                "6",
                "5",
                "4",
                "3",
                "2",
                "11",
                "10",
                "1",
                "0"
            ],
            "Weights": [
                -1.4078838798248412,
                -0.8429332864062289,
                -2.243722949956614,
                -1.607484157704238,
                -1.9877558006588472,
                -2.243722949956614,
                -1.9938687786858327,
                -1.7943294250072437,
                -0.39170963452888397,
                -1.9996709491724085,
                -1.936965130873146,
                -2.218622619413425
            ]
        },
        {
            "Latent Semantic": 1,
            "Types": [
                "9",
                "8",
                "7",
                "6",
                "5",
                "4",
                "3",
                "2",
                "11",
                "10",
                "1",
                "0"
            ],
            "Weights": [
                -0.22130790297279493,
                1.1390384938023967,
                -0.038841024645566956,
                -0.234735289109221,
                -0.3016989495983456,
                -0.038841024645566956,
                -0.18326986623854288,
                -0.21033669947048447,
                1.1941898824242343,
                0.018451511271951278,
                0.32699977388857876,
                0.04847424691118658
            ]
        },
        {
            "Latent Semantic": 2,
            "Types": [
                "9",
                "8",
                "7",
                "6",
                "5",
                "4",
                "3",
                "2",
                "11",
                "10",
                "1",
                "0"
            ],
            "Weights": [
                0.4247142081155028,
                0.14382473338493665,
                -0.3478879115117618,
                0.213201684567683,
                0.29733932262604185,
                -0.3478879115117618,
                0.3636150941338827,
                0.21150212023697695,
                0.20804056393106513,
                -0.31410831783448734,
                -0.26143018937973095,
                -0.06459564967428912
            ]
        },
        {
            "Latent Semantic": 3,
            "Types": [
                "9",
                "8",
                "7",
                "6",
                "5",
                "4",
                "3",
                "2",
                "11",
                "10",
                "1",
                "0"
            ],
            "Weights": [
                0.48975857092684244,
                -0.001640295339397287,
                -0.0042346321567203376,
                -0.41016719238931465,
                -0.2022532929011793,
                -0.0042346321567203575,
                -0.1481529066872769,
                0.22266084523311236,
                -0.04577009454457772,
                0.08507374005350371,
                0.07878090601338934,
                -0.007521177058678761
            ]
        },
        {
            "Latent Semantic": 4,
            "Types": [
                "9",
                "8",
                "7",
                "6",
                "5",
                "4",
                "3",
                "2",
                "11",
                "10",
                "1",
                "0"
            ],
            "Weights": [
                -0.2109062387863947,
                -0.022592995430916474,
                0.011550168086520141,
                -0.3602978859940552,
                0.16480635966632218,
                0.01155016808652024,
                0.19508971588364926,
                0.12465605001425871,
                0.026183528587951574,
                -0.025784054605014144,
                -0.07903448058697693,
                0.043926568767615734
            ]
        },
        {
            "Latent Semantic": 5,
            "Types": [
                "9",
                "8",
                "7",
                "6",
                "5",
                "4",
                "3",
                "2",
                "11",
                "10",
                "1",
                "0"
            ],
            "Weights": [
                0.15714369926185917,
                -0.01880231971769067,
                0.03382279168030273,
                -0.107896404721173,
                0.13281980525199874,
                0.03382279168030267,
                0.08616135556907223,
                -0.3765479267460438,
                0.019206028406335462,
                0.07747212796821458,
                -0.04175737105735694,
                -0.011468058968335965
            ]
        },
        {
            "Latent Semantic": 6,
            "Types": [
                "9",
                "8",
                "7",
                "6",
                "5",
                "4",
                "3",
                "2",
                "11",
                "10",
                "1",
                "0"
            ],
            "Weights": [
                0.03774416756960293,
                0.022687537809989968,
                0.12879942011862966,
                0.006943328075148213,
                -0.025991783936800128,
                0.12879942011862966,
                -0.07182337699283452,
                0.004042734353997475,
                0.03558342842714763,
                -0.140718638581103,
                -0.21566996296649263,
                0.09528898857450938
            ]
        }
    ],