{
    "type_weight_matrix": [
        {
            "Latent Semantic": 0,
            "Types": [
                "9",
                "8",
                "7",
                "6",
                "5",
                "4",
                "3",
                "2",
                "11",
                "10",
                "1",
                "0"
            ],
            "Weights": [
                -3.1665831732808924,
                -3.1251925351818826,
                -3.2677885230082464,
                -3.1884428220977536,
                -3.2352775282662614,
                -3.2677885230082464,
                -3.240857593056636,
                -3.212690520506546,
                -3.068165095104861,
                -3.2385100192437677,
                -3.2395450666372145,
                -3.2711879366752936
            ]
        },
        {
            "Latent Semantic": 1,
            "Types": [
                "9",
                "8",
                "7",
                "6",
                "5",
                "4",
                "3",
                "2",
                "11",
                "10",
                "1",
                "0"
            ],
            "Weights": [
                0.022133529432033578,
                -0.17304193315405297,
                0.04947014812562409,
                0.03718263831147068,
                0.062005757082355444,
                0.04947014812562409,
                0.045016003676377134,
                0.04232658074224817,
                -0.19969303293202362,
                0.030728991789674025,
                -0.01333213498935262,
                0.031400708327688716
            ]
        },
        {
            "Latent Semantic": 2,
            "Types": [
                "9",
                "8",
                "7",
                "6",
                "5",
                "4",
                "3",
                "2",
                "11",
                "10",
                "1",
                "0"
            ],
            "Weights": [
                -0.0718892579283497,
                0.002824410512384761,
                0.0568002940924861,
                -0.037701588908535325,
                -0.04095190054209114,
                0.0568002940924861,
                -0.046249664747481295,
                -0.032814759730142626,
                -0.011918971826652781,
                0.04864588272668883,
                0.05075962289345239,
                0.021459258383366202
            ]
        },
        {
            "Latent Semantic": 3,
            "Types": [
                "9",
                "8",
                "7",
                "6",
                "5",
                "4",
                "3",
                "2",
                "11",
                "10",
                "1",
                "0"
            ],
            "Weights": [
                0.06864794054860268,
                -0.002396823740696694,
                0.0006546886246333858,
                -0.05777940039900099,
                -0.030920009074150896,
                0.0006546886246333916,
                -0.0240490242046407,
                0.030526882243891974,
                -0.008290634354385991,
                0.013698030669610731,
                0.011642551890060651,
                -0.0020424474249155296
            ]
        },
        {
            "Latent Semantic": 4,
            "Types": [
                "9",
                "8",
                "7",
                "6",
                "5",
                "4",
                "3",
                "2",
                "11",
                "10",
                "1",
                "0"
            ],
            "Weights": [
                -0.02522088073247216,
                0.0022162755927105995,
                -0.0002217494835720565,
                -0.05310878475591822,
                0.026192991824237264,
                -0.0002217494835720565,
                0.032539336060425465,
                0.017308022912160756,
                0.005558625849471487,
                -0.006863140794536014,
                -0.00918660979599712,
                0.010042542694814308
            ]
        },
        {
            "Latent Semantic": 5,
            "Types": [
                "9",
                "8",
                "7",
                "6",
                "5",
                "4",
                "3",
                "2",
                "11",
                "10",
                "1",
                "0"
            ],
            "Weights": [
                0.023856275334102763,
                -0.001968851842029958,
                0.004545158557771143,
                -0.013502484684164926,
                0.018179704761989476,
                0.0045451585577711544,
                0.011622106951947058,
                -0.05419837515110934,
                0.002635964725604559,
                0.010683791928207639,
                -0.005126622394713943,
                -0.0013700735878468529
            ]
        },
        {
            "Latent Semantic": 6,
            "Types": [
                "9",
                "8",
                "7",
                "6",
                "5",
                "4",
                "3",
                "2",
                "11",
                "10",
                "1",
                "0"
            ],
            "Weights": [
                0.004852571205170819,
                0.0026860252202838397,
                0.018480294380574584,
                0.0007664105086731319,
                -0.0035797552044681807,
                0.018480294380574584,
                -0.010288380453341895,
                0.0010021809373250204,
                0.0056240763989627044,
                -0.018034680105566563,
                -0.03232102017919964,
                0.012404306851605566
            ]
        }
    ],