{
    "type_weight_matrix": [
        {
            "Latent Semantic": 0,
            "Types": [
                "9",
                "8",
                "7",
                "6",
                "5",
                "4",
                "3",
                "2",
                "11",
                "10",
                "1",
                "0"
            ],
            "Weights": [
                -0.5843155004981884,
                -0.7644389551071271,
                -1.7349099593074873,
                -1.1878085300997077,
                -1.3054342473853635,
                -1.7349099593074873,
                -1.270848686179459,
                -1.232399853331798,
                -0.4299705818594545,
                -1.0786545393893903,
                -1.1481783348430594,
                -1.4476877413993334
            ]
        },
        {
            "Latent Semantic": 1,
            "Types": [
                "9",
                "8",
                "7",
                "6",
                "5",
                "4",
                "3",
                "2",
                "11",
                "10",
                "1",
                "0"
            ],
            "Weights": [
                0.3893149200955438,
                -0.9738243129943515,
                -0.09079960489117975,
                0.4973625462757475,
                0.5078412522360719,
                -0.09079960489117946,
                0.39839332168940716,
                0.23059049701863576,
                -0.9417232315815377,
                -0.1781794961400394,
                -0.5584527598370972,
                0.018037993120485863
            ]
        },
        {
            "Latent Semantic": 2,
            "Types": [
                "9",
                "8",
                "7",
                "6",
                "5",
                "4",
                "3",
                "2",
                "11",
                "10",
                "1",
                "0"
            ],
            "Weights": [
                -0.38902468446257893,
                -0.3576645298169035,
                0.44651959021502774,
                -0.37162851216677606,
                -0.29127990934060116,
                0.4465195902150279,
                -0.369446494970914,
                -0.031311610829727596,
                -0.5657155097684352,
                0.40854964671634064,
                0.15642487839056227,
                -0.06623940365077721
            ]
        },
        {
            "Latent Semantic": 3,
            "Types": [
                "9",
                "8",
                "7",
                "6",
                "5",
                "4",
                "3",
                "2",
                "11",
                "10",
                "1",
                "0"
            ],
            "Weights": [
                -0.759425063535269,
                -0.004719222550775399,
                -0.03852043798226407,
                0.24145377069352547,
                0.21682091107508736,
                -0.03852043798226401,
                0.18954150925157157,
                -0.14697881508855465,
                0.015687892504481913,
                -0.07206517748410562,
                -0.024264312943642893,
                0.03472436286480473
            ]
        },
        {
            "Latent Semantic": 4,
            "Types": [
                "9",
                "8",
                "7",
                "6",
                "5",
                "4",
                "3",
                "2",
                "11",
                "10",
                "1",
                "0"
            ],
            "Weights": [
                -0.13681922054483253,
                -0.01375363008465799,
                0.018375636449670288,
                -0.1537802691310189,
                -0.090207458282877,
                0.01837563644967033,
                -0.09883264534310737,
                0.4599467947725776,
                -0.034411212678861165,
                -0.4624334928820561,
                0.03659458313064574,
                0.2469236466821569
            ]
        },
        {
            "Latent Semantic": 5,
            "Types": [
                "9",
                "8",
                "7",
                "6",
                "5",
                "4",
                "3",
                "2",
                "11",
                "10",
                "1",
                "0"
            ],
            "Weights": [
                -0.1101986802278288,
                0.03839641867541446,
                -0.1916402718118455,
                -0.08578533483786459,
                -0.036157539527862936,
                -0.1916402718118456,
                0.04366530314279874,
                0.368817333930802,
                0.023912846866028292,
                0.42282540182147405,
                -0.1807440232558872,
                0.05542199626487847
            ]
        },
        {
            "Latent Semantic": 6,
            "Types": [
                "9",
                "8",
                "7",
                "6",
                "5",
                "4",
                "3",
                "2",
                "11",
                "10",
                "1",
                "0"
            ],
            "Weights": [
                0.006681689881672874,
                -0.09509083408756788,
                -0.16932750722026077,
                0.030217060569701297,
                0.014667638266540132,
                -0.16932750722026085,
                0.06263560070429487,
                0.07462341804343571,
                -0.10884517075418498,
                0.03071147841065572,
                0.5118138856512313,
                -0.0996510261010545
            ]
        }
    ],