{
    "type_weight_matrix": [
        {
            "Latent Semantic": 0,
            "Types": [
                0.04154700483776654,
                0.029703623258827173,
                0.024805269359984727,
                0.022753764652411537,
                0.020818981942613283,
                0.01930051779694891,
                0.019097279863058515,
                0.018998427279677453,
                0.018936848033900954,
                0.017460855595116852,
                0.017460855595116852,
                0.017264407028064286
            ],
            "Weights": [
                "11",
                "8",
                "9",
                "6",
                "2",
                "5",
                "10",
                "1",
                "3",
                "7",
                "4",
                "0"
            ]
        },
        {
            "Latent Semantic": 1,
            "Types": [
                0.5404500821541738,
                0.36077256728648394,
                0.02483784735559911,
                0.022780695993535726,
                0.02084809128015225,
                0.019320024835598016,
                0.019274687684109674,
                0.01918437633370468,
                0.01901984364186852,
                0.017531856841894157,
                0.017531856841894157,
                0.017381805804182377
            ],
            "Weights": [
                "11",
                "8",
                "9",
                "6",
                "2",
                "5",
                "1",
                "10",
                "3",
                "7",
                "4",
                "0"
            ]
        },
        {
            "Latent Semantic": 2,
            "Types": [
                0.04154700483776654,
                0.029703623258827173,
                0.024805269359984727,
                0.022753764652411537,
                0.020818981942613283,
                0.01930051779694891,
                0.019097279863058515,
                0.018998427279677453,
                0.018936848033900954,
                0.017460855595116852,
                0.017460855595116852,
                0.017264407028064286
            ],
            "Weights": [
                "11",
                "8",
                "9",
                "6",
                "2",
                "5",
                "10",
                "1",
                "3",
                "7",
                "4",
                "0"
            ]
        },
        {
            "Latent Semantic": 3,
            "Types": [
                0.04154700483776654,
                0.029703623258827173,
                0.024805269359984727,
                0.022753764652411537,
                0.020818981942613283,
                0.01930051779694891,
                0.019097279863058515,
                0.018998427279677453,
                0.018936848033900954,
                0.017460855595116852,
                0.017460855595116852,
                0.017264407028064286
            ],
            "Weights": [
                "11",
                "8",
                "9",
                "6",
                "2",
                "5",
                "10",
                "1",
                "3",
                "7",
                "4",
                "0"
            ]
        },
        {
            "Latent Semantic": 4,
            "Types": [
                0.04154700483776654,
                0.029703623258827173,
                0.024805269359984727,
                0.022753764652411537,
                0.020818981942613283,
                0.01930051779694891,
                0.019097279863058515,
                0.018998427279677453,
                0.018936848033900954,
                0.017460855595116852,
                0.017460855595116852,
                0.017264407028064286
            ],
            "Weights": [
                "11",
                "8",
                "9",
                "6",
                "2",
                "5",
                "10",
                "1",
                "3",
                "7",
                "4",
                "0"
            ]
        },
        {
            "Latent Semantic": 5,
            "Types": [
                0.04154700483776654,
                0.029703623258827173,
                0.024805269359984727,
                0.022753764652411537,
                0.020818981942613283,
                0.01930051779694891,
                0.019097279863058515,
                0.018998427279677453,
                0.018936848033900954,
                0.017460855595116852,
                0.017460855595116852,
                0.017264407028064286
            ],
            "Weights": [
                "11",
                "8",
                "9",
                "6",
                "2",
                "5",
                "10",
                "1",
                "3",
                "7",
                "4",
                "0"
            ]
        },
        {
            "Latent Semantic": 6,
            "Types": [
                0.8962961590554963,
                0.8951638651825216,
                0.8951638651825216,
                0.8862959161886267,
                0.8857331759175031,
                0.8853292243510027,
                0.8841773861796575,
                0.8750569990067814,
                0.8634504807444066,
                0.8511358058444772,
                0.49070931641938015,
                0.2518148936569934
            ],
            "Weights": [
                "0",
                "7",
                "4",
                "3",
                "1",
                "10",
                "5",
                "2",
                "6",
                "9",
                "8",
                "11"
            ]
        }
    ],