{
    "type_weight_matrix": [
        {
            "Latent Semantic": 0,
            "Types": [
                "0",
                "7",
                "4",
                "3",
                "1",
                "10",
                "5",
                "2",
                "6",
                "9",
                "8",
                "11"
            ],
            "Weights": [
                0.8962961553594752,
                0.895163861577714,
                0.895163861577714,
                0.8862959136972262,
                0.8857331539717981,
                0.8853292212182966,
                0.8841773845803766,
                0.8750569971546254,
                0.8634504784269829,
                0.851135803117756,
                0.49070735120660586,
                0.2518149471384562
            ]
        },
        {
            "Latent Semantic": 1,
            "Types": [
                "11",
                "8",
                "9",
                "6",
                "2",
                "5",
                "10",
                "1",
                "3",
                "7",
                "4",
                "0"
            ],
            "Weights": [
                0.04154700483255162,
                0.02970362325547009,
                0.024805269361001248,
                0.022753764653235063,
                0.020818981943613167,
                0.01930051779747434,
                0.01909727986552117,
                0.018998427285562756,
                0.01893684803605851,
                0.017460855596902768,
                0.017460855596902768,
                0.017264407031246556
            ]
        },
        {
            "Latent Semantic": 2,
            "Types": [
                "11",
                "8",
                "9",
                "6",
                "2",
                "5",
                "10",
                "1",
                "3",
                "7",
                "4",
                "0"
            ],
            "Weights": [
                0.04154700483255162,
                0.02970362325547009,
                0.024805269361001255,
                0.022753764653235063,
                0.020818981943613167,
                0.01930051779747434,
                0.01909727986552117,
                0.018998427285562756,
                0.018936848036058513,
                0.017460855596902768,
                0.017460855596902768,
                0.017264407031246556
            ]
        },
        {
            "Latent Semantic": 3,
            "Types": [
                "11",
                "8",
                "9",
                "6",
                "2",
                "5",
                "10",
                "1",
                "3",
                "7",
                "4",
                "0"
            ],
            "Weights": [
                0.04154700483255162,
                0.02970362325547009,
                0.024805269361001248,
                0.022753764653235063,
                0.020818981943613167,
                0.01930051779747434,
                0.01909727986552117,
                0.018998427285562756,
                0.01893684803605851,
                0.017460855596902768,
                0.017460855596902768,
                0.017264407031246556
            ]
        },
        {
            "Latent Semantic": 4,
            "Types": [
                "11",
                "8",
                "9",
                "6",
                "2",
                "5",
                "10",
                "1",
                "3",
                "7",
                "4",
                "0"
            ],
            "Weights": [
                0.04154700483255162,
                0.02970362325547009,
                0.024805269361001255,
                0.022753764653235063,
                0.020818981943613167,
                0.01930051779747434,
                0.01909727986552117,
                0.018998427285562756,
                0.01893684803605851,
                0.017460855596902768,
                0.017460855596902768,
                0.017264407031246556
            ]
        },
        {
            "Latent Semantic": 5,
            "Types": [
                "11",
                "8",
                "9",
                "6",
                "2",
                "5",
                "10",
                "1",
                "3",
                "7",
                "4",
                "0"
            ],
            "Weights": [
                0.041547004832551616,
                0.02970362325547009,
                0.024805269361001248,
                0.022753764653235056,
                0.020818981943613167,
                0.019300517797474333,
                0.01909727986552117,
                0.018998427285562756,
                0.01893684803605851,
                0.017460855596902768,
                0.017460855596902768,
                0.017264407031246556
            ]
        },
        {
            "Latent Semantic": 6,
            "Types": [
                "11",
                "8",
                "9",
                "6",
                "2",
                "5",
                "1",
                "10",
                "3",
                "7",
                "4",
                "0"
            ],
            "Weights": [
                0.5404500286987857,
                0.3607745325160439,
                0.024837850077237874,
                0.022780698306841755,
                0.020848093127308984,
                0.01932002643225195,
                0.01927470960038787,
                0.01918437945409782,
                0.01901984612248158,
                0.017531860437772412,
                0.017531860437772412,
                0.017381809484292063
            ]
        }
    ],