{
    "type_weight_matrix": [
        {
            "Latent Semantic": 0,
            "Types": [
                "9",
                "8",
                "7",
                "6",
                "5",
                "4",
                "3",
                "2",
                "11",
                "10",
                "1",
                "0"
            ],
            "Weights": [
                0.011702099542145853,
                0.011479841429586008,
                0.011480665534125864,
                0.011778990795891559,
                0.01150476989446862,
                0.012074919807072574,
                0.011475126321543188,
                0.011833292343736701,
                0.012211742144923123,
                0.011572593940716755,
                0.011809517754791247,
                0.012174424828531651
            ]
        },
        {
            "Latent Semantic": 1,
            "Types": [
                "9",
                "8",
                "7",
                "6",
                "5",
                "4",
                "3",
                "2",
                "11",
                "10",
                "1",
                "0"
            ],
            "Weights": [
                0.011702099542145853,
                0.011479841429586007,
                0.011480665534125861,
                0.011778990795891557,
                0.011504769894468617,
                0.012074919807072572,
                0.011475126321543187,
                0.0118332923437367,
                0.01221174214492312,
                0.011572593940716754,
                0.011809517754791245,
                0.01217442482853165
            ]
        },
        {
            "Latent Semantic": 2,
            "Types": [
                "9",
                "8",
                "7",
                "6",
                "5",
                "4",
                "3",
                "2",
                "11",
                "10",
                "1",
                "0"
            ],
            "Weights": [
                0.011702099542145846,
                0.011479841429586,
                0.011480665534125856,
                0.01177899079589155,
                0.011504769894468612,
                0.012074919807072563,
                0.011475126321543181,
                0.011833292343736692,
                0.012211742144923113,
                0.011572593940716747,
                0.011809517754791238,
                0.012174424828531644
            ]
        },
        {
            "Latent Semantic": 3,
            "Types": [
                "9",
                "8",
                "7",
                "6",
                "5",
                "4",
                "3",
                "2",
                "11",
                "10",
                "1",
                "0"
            ],
            "Weights": [
                0.011702099542145846,
                0.011479841429586,
                0.011480665534125856,
                0.01177899079589155,
                0.011504769894468612,
                0.012074919807072563,
                0.011475126321543181,
                0.011833292343736692,
                0.012211742144923113,
                0.011572593940716747,
                0.011809517754791238,
                0.012174424828531644
            ]
        },
        {
            "Latent Semantic": 4,
            "Types": [
                "9",
                "8",
                "7",
                "6",
                "5",
                "4",
                "3",
                "2",
                "11",
                "10",
                "1",
                "0"
            ],
            "Weights": [
                0.011702099542145846,
                0.011479841429586001,
                0.011480665534125857,
                0.01177899079589155,
                0.011504769894468612,
                0.012074919807072563,
                0.011475126321543181,
                0.011833292343736694,
                0.012211742144923115,
                0.011572593940716747,
                0.011809517754791238,
                0.012174424828531644
            ]
        },
        {
            "Latent Semantic": 5,
            "Types": [
                "9",
                "8",
                "7",
                "6",
                "5",
                "4",
                "3",
                "2",
                "11",
                "10",
                "1",
                "0"
            ],
            "Weights": [
                0.011702099542145846,
                0.011479841429586001,
                0.011480665534125857,
                0.011778990795891552,
                0.011504769894468612,
                0.012074919807072563,
                0.011475126321543181,
                0.011833292343736694,
                0.012211742144923115,
                0.011572593940716748,
                0.011809517754791238,
                0.012174424828531644
            ]
        },
        {
            "Latent Semantic": 6,
            "Types": [
                "9",
                "8",
                "7",
                "6",
                "5",
                "4",
                "3",
                "2",
                "11",
                "10",
                "1",
                "0"
            ],
            "Weights": [
                0.9297874027471249,
                0.931120951422484,
                0.931116006795245,
                0.9293260552246506,
                0.9309713806331883,
                0.9275504811575646,
                0.9311492420707408,
                0.9290002459375798,
                0.9267295471304613,
                0.9305644363556995,
                0.9291428934712526,
                0.9269534510288101
            ]
        }
    ],