{
    "type_weight_matrix": [
        {
            "Latent Semantic": 0,
            "Types": [
                "9",
                "8",
                "7",
                "6",
                "5",
                "4",
                "3",
                "2",
                "11",
                "10",
                "1",
                "0"
            ],
            "Weights": [
                -429.8202723971237,
                -457.17460170756334,
                -311.52469286950213,
                -406.50077999569106,
                -350.183650182502,
                -311.52469286950213,
                -338.676370979294,
                -376.3478400000895,
                -527.8883592157267,
                -346.14716162546915,
                -337.1813468153031,
                -300.67562191070806
            ]
        },
        {
            "Latent Semantic": 1,
            "Types": [
                "9",
                "8",
                "7",
                "6",
                "5",
                "4",
                "3",
                "2",
                "11",
                "10",
                "1",
                "0"
            ],
            "Weights": [
                -32.57042667570099,
                241.27046017269518,
                -112.2858608664516,
                -63.254632276902726,
                -111.822515964321,
                -112.2858608664516,
                -88.99316419212427,
                -78.19088654113936,
                295.1625490167763,
                -77.04272271668778,
                -16.572890965847552,
                -84.68267882623468
            ]
        },
        {
            "Latent Semantic": 2,
            "Types": [
                "9",
                "8",
                "7",
                "6",
                "5",
                "4",
                "3",
                "2",
                "11",
                "10",
                "1",
                "0"
            ],
            "Weights": [
                -107.81863494862459,
                25.190349151230233,
                84.71339683906156,
                -58.118781341731,
                -57.531619690279875,
                84.71339683906156,
                -61.56880724855459,
                -47.87936806775702,
                0.9305023516810059,
                71.49083600706884,
                82.2361054248579,
                38.98801187647488
            ]
        },
        {
            "Latent Semantic": 3,
            "Types": [
                "9",
                "8",
                "7",
                "6",
                "5",
                "4",
                "3",
                "2",
                "11",
                "10",
                "1",
                "0"
            ],
            "Weights": [
                97.69591213723437,
                -4.938734219995592,
                1.817709672683047,
                -82.46092012140613,
                -45.81946841021235,
                1.8177096726830555,
                -36.53997626322897,
                42.96828699874677,
                -13.125901171444,
                20.749154057504327,
                16.998885887229406,
                -3.5966953076465358
            ]
        },
        {
            "Latent Semantic": 4,
            "Types": [
                "9",
                "8",
                "7",
                "6",
                "5",
                "4",
                "3",
                "2",
                "11",
                "10",
                "1",
                "0"
            ],
            "Weights": [
                -31.59453156007221,
                7.920520580742013,
                -2.0756724274056144,
                -76.88208463690107,
                39.41779227817474,
                -2.0756724274056118,
                50.275252613982936,
                25.188546648329496,
                9.817927143735737,
                -12.469814323798863,
                -11.510967457010116,
                17.326068446553435
            ]
        },
        {
            "Latent Semantic": 5,
            "Types": [
                "9",
                "8",
                "7",
                "6",
                "5",
                "4",
                "3",
                "2",
                "11",
                "10",
                "1",
                "0"
            ],
            "Weights": [
                35.15559165744502,
                -2.3859965114353154,
                6.354066732791632,
                -18.212973490186343,
                25.62891580527021,
                6.354066732791627,
                16.271462290484962,
                -78.13541767666946,
                3.721227664246909,
                15.116986715726975,
                -6.847784354267693,
                -1.804999998887974
            ]
        },
        {
            "Latent Semantic": 6,
            "Types": [
                "9",
                "8",
                "7",
                "6",
                "5",
                "4",
                "3",
                "2",
                "11",
                "10",
                "1",
                "0"
            ],
            "Weights": [
                5.694618697600397,
                2.5524127370679013,
                26.642840999682413,
                0.5612045858791305,
                -4.810591315658498,
                26.642840999682413,
                -14.78850711252105,
                2.406218352873457,
                9.292452174619461,
                -21.07668981666212,
                -49.7289728601833,
                14.97619810867273
            ]
        }
    ],