{
    "type_weight_matrix": [
        {
            "Latent Semantic": 0,
            "Types": [
                "11",
                "8",
                "9",
                "6",
                "2",
                "5",
                "10",
                "1",
                "3",
                "7",
                "4",
                "0"
            ],
            "Weights": [
                0.04154700483239091,
                0.02970362325597722,
                0.024805269360683294,
                0.02275376465297143,
                0.020818981943297007,
                0.01930051779731539,
                0.019097279864800264,
                0.018998427283898278,
                0.018936848035476815,
                0.01746085559637333,
                0.01746085559637333,
                0.01726440703035147
            ]
        },
        {
            "Latent Semantic": 1,
            "Types": [
                "0",
                "7",
                "4",
                "3",
                "1",
                "10",
                "5",
                "2",
                "6",
                "9",
                "8",
                "11"
            ],
            "Weights": [
                0.8962961561747388,
                0.8951638625545556,
                0.8951638625545556,
                0.8862959142442031,
                0.8857331592905648,
                0.8853292219836898,
                0.8841773850999739,
                0.8750569977194689,
                0.8634504791832194,
                0.8511358039987083,
                0.49070799821227196,
                0.2518151208628596
            ]
        },
        {
            "Latent Semantic": 2,
            "Types": [
                "11",
                "8",
                "9",
                "6",
                "2",
                "5",
                "10",
                "1",
                "3",
                "7",
                "4",
                "0"
            ],
            "Weights": [
                0.04154700483239091,
                0.02970362325597722,
                0.024805269360683297,
                0.02275376465297143,
                0.020818981943297007,
                0.019300517797315394,
                0.019097279864800268,
                0.018998427283898278,
                0.01893684803547682,
                0.017460855596373333,
                0.017460855596373333,
                0.017264407030351474
            ]
        },
        {
            "Latent Semantic": 3,
            "Types": [
                "11",
                "8",
                "9",
                "6",
                "2",
                "5",
                "10",
                "1",
                "3",
                "7",
                "4",
                "0"
            ],
            "Weights": [
                0.04154700483239091,
                0.02970362325597722,
                0.024805269360683297,
                0.02275376465297143,
                0.020818981943297007,
                0.019300517797315394,
                0.019097279864800268,
                0.018998427283898278,
                0.01893684803547682,
                0.017460855596373333,
                0.017460855596373333,
                0.017264407030351474
            ]
        },
        {
            "Latent Semantic": 4,
            "Types": [
                "11",
                "8",
                "9",
                "6",
                "2",
                "5",
                "1",
                "10",
                "3",
                "7",
                "4",
                "0"
            ],
            "Weights": [
                0.5404498549751857,
                0.36077388550784206,
                0.024837849197875586,
                0.022780697551923735,
                0.020848092564045913,
                0.019320025913449085,
                0.019274704289943975,
                0.01918437869230866,
                0.01901984557841261,
                0.01753185946357789,
                0.01753185946357789,
                0.017381808673503606
            ]
        },
        {
            "Latent Semantic": 5,
            "Types": [
                "11",
                "8",
                "9",
                "6",
                "2",
                "5",
                "10",
                "1",
                "3",
                "7",
                "4",
                "0"
            ],
            "Weights": [
                0.04154700483239091,
                0.02970362325597722,
                0.024805269360683297,
                0.02275376465297143,
                0.020818981943297007,
                0.019300517797315394,
                0.019097279864800268,
                0.018998427283898278,
                0.01893684803547682,
                0.017460855596373333,
                0.017460855596373333,
                0.017264407030351474
            ]
        },
        {
            "Latent Semantic": 6,
            "Types": [
                "11",
                "8",
                "9",
                "6",
                "2",
                "5",
                "10",
                "1",
                "3",
                "7",
                "4",
                "0"
            ],
            "Weights": [
                0.04154700483239091,
                0.02970362325597722,
                0.024805269360683297,
                0.02275376465297143,
                0.020818981943297007,
                0.019300517797315394,
                0.019097279864800264,
                0.018998427283898278,
                0.01893684803547682,
                0.017460855596373333,
                0.017460855596373333,
                0.01726440703035147
            ]
        }
    ],