{
    "type_weight_matrix": [
        {
            "Latent Semantic": 0,
            "Types": [
                "9",
                "8",
                "7",
                "6",
                "5",
                "4",
                "3",
                "2",
                "11",
                "10",
                "1",
                "0"
            ],
            "Weights": [
                0.025084183634488496,
                0.05010228343907569,
                0.004824070448960639,
                0.018960985242093116,
                0.015116898556333165,
                0.004824070448960639,
                0.014155236254625805,
                0.013550879700490766,
                0.07844630113569286,
                0.0015344922582026506,
                0.0015344922582026467,
                0.0053442092786119555
            ]
        },
        {
            "Latent Semantic": 1,
            "Types": [
                "9",
                "8",
                "7",
                "6",
                "5",
                "4",
                "3",
                "2",
                "11",
                "10",
                "1",
                "0"
            ],
            "Weights": [
                0.05982521003141476,
                0.0016642353199004373,
                0.08905036653343357,
                0.06570392384112765,
                0.08399984310635279,
                0.08905036653343357,
                0.07784902174790632,
                0.07104477727747462,
                0.0016642353199004304,
                0.0722437589168045,
                0.056045339534568604,
                0.07972739201899605
            ]
        },
        {
            "Latent Semantic": 2,
            "Types": [
                "9",
                "8",
                "7",
                "6",
                "5",
                "4",
                "3",
                "2",
                "11",
                "10",
                "1",
                "0"
            ],
            "Weights": [
                0.019358585844809966,
                0.06861244808324932,
                0.013456080352730925,
                0.011370793928304325,
                0.00037583361831473395,
                0.013456080352730925,
                0.0003758336183147361,
                0.009299370258537543,
                0.09581322017418124,
                0.013520635532365892,
                0.018068816558368894,
                0.008573679651407703
            ]
        },
        {
            "Latent Semantic": 3,
            "Types": [
                "9",
                "8",
                "7",
                "6",
                "5",
                "4",
                "3",
                "2",
                "11",
                "10",
                "1",
                "0"
            ],
            "Weights": [
                0.013577133716371929,
                0.060170083531754154,
                0.016200972902750795,
                0.015103745963045189,
                0.010330476939886276,
                0.016200972902750795,
                0.009019930813818277,
                0.0,
                0.08524794166299593,
                0.013740036720101465,
                0.016430707197285357,
                0.01187921942882529
            ]
        },
        {
            "Latent Semantic": 4,
            "Types": [
                "9",
                "8",
                "7",
                "6",
                "5",
                "4",
                "3",
                "2",
                "11",
                "10",
                "1",
                "0"
            ],
            "Weights": [
                0.02008722638897559,
                0.05678488031549915,
                0.022349520222359066,
                0.0,
                0.01115394728125483,
                0.022349520222359066,
                0.012339307811983283,
                0.015103745963045189,
                0.07795143800655703,
                0.019330736318918566,
                0.021660218681673,
                0.01870919000087616
            ]
        },
        {
            "Latent Semantic": 5,
            "Types": [
                "9",
                "8",
                "7",
                "6",
                "5",
                "4",
                "3",
                "2",
                "11",
                "10",
                "1",
                "0"
            ],
            "Weights": [
                0.0,
                0.05255073889828034,
                0.0334614557742138,
                0.02008722638897559,
                0.020211277999454012,
                0.0334614557742138,
                0.01925756092679537,
                0.013577133716371929,
                0.07042815180435005,
                0.025431188714823357,
                0.027806163070558935,
                0.02753339770605755
            ]
        },
        {
            "Latent Semantic": 6,
            "Types": [
                "9",
                "8",
                "7",
                "6",
                "5",
                "4",
                "3",
                "2",
                "11",
                "10",
                "1",
                "0"
            ],
            "Weights": [
                0.030747025771481216,
                0.07025679144251923,
                0.0003692053233402486,
                0.020397666168517615,
                0.011318582662780494,
                0.0003692053233402486,
                0.011613490185067719,
                0.0140219777647618,
                0.10348027462782941,
                0.004290968722130696,
                0.007296094618602417,
                0.001476821293360996
            ]
        }
    ],